tax_year,geo,credit,amount,top,rate,clawback,clawback_rate,index
2014,BC,Personal Amount,9869.0,,0.0506,,,1
2014,BC,Age Amount,4426.0,62450.0,0.0506,32943.0,0.15,1
2014,BC,Spousal Amount,8450.0,9295.0,0.0506,845.0,,1
2014,BC,Equivalent To Spouse Amount,8450.0,9295.0,0.0506,,,1
2014,BC,Medical Expense Amount,,,0.0506,,,1
2014,BC,CPP Amount,,,0.0506,,,1
2014,BC,EI Amount,,,0.0506,,,1
2014,BC,Pension Income Amount,1000.0,,0.0506,,,0
2015,BC,Personal Amount,9938.0,,0.0506,,,1
2015,BC,Age Amount,4457.0,62887.0,0.0506,33174.0,0.15,1
2015,BC,Spousal Amount,8509.0,9360.0,0.0506,851.0,,1
2015,BC,Equivalent To Spouse Amount,8509.0,9360.0,0.0506,,,1
2015,BC,Disability Amount,7454.0,,0.0506,,,1
2015,BC,Disability Amount (Child),4348.0,,0.0506,,,1
2015,BC,Adoption Amount,15255.0,,0.0506,,,1
2015,BC,Medical Expense Amount,,,0.0506,,,1
2015,BC,CPP Amount,,,0.0506,,,1
2015,BC,EI Amount,,,0.0506,,,1
2015,BC,Pension Income Amount,1000.0,,0.0506,,,0
2016,BC,Personal Amount,10027.0,,0.0506,,,1
2016,BC,Age Amount,4497.0,63453.0,0.0506,33473.0,0.15,1
2016,BC,Spousal Amount,8586.0,9445.0,0.0506,859.0,,1
2016,BC,Equivalent To Spouse Amount,8586.0,9445.0,0.0506,,,1
2016,BC,Disability Amount,7521.0,,0.0506,,,1
2016,BC,Disability Amount (Child),4388.0,,0.0506,,,1
2016,BC,Adoption Amount,15453.0,,0.0506,,,1
2016,BC,Volunteer Firefighter Amount,3000.0,,0.0506,,,0
2016,BC,Medical Expense Amount,,,0.0506,,,1
2016,BC,CPP Amount,,,0.0506,,,1
2016,BC,EI Amount,,,0.0506,,,1
2016,BC,Pension Income Amount,1000.0,,0.0506,,,0
2017,BC,Personal Amount,10208.0,,0.0506,,,1
2017,BC,Age Amount,4578.0,64595.0,0.0506,34075.0,0.15,1
2017,BC,Spousal Amount,8740.0,9614.0,0.0506,874.0,,1
2017,BC,Equivalent To Spouse Amount,8740.0,9614.0,0.0506,,,1
2017,BC,Disability Amount,7656.0,,0.0506,,,1
2017,BC,Disability Amount (Child),4467.0,,0.0506,,,1
2017,BC,Adoption Amount,15670.0,,0.0506,,,1
2017,BC,Volunteer Firefighter Amount,3000.0,,0.0506,,,0
2017,BC,Medical Expense Amount,,,0.0506,,,1
2017,BC,CPP Amount,,,0.0506,,,1
2017,BC,EI Amount,,,0.0506,,,1
2017,BC,Pension Income Amount,1000.0,,0.0506,,,0
2018,BC,Personal Amount,10412.0,,0.0506,,,1
2018,BC,Age Amount,4669.0,65884.0,0.0506,34757.0,0.15,1
2018,BC,Spousal Amount,8915.0,9807.0,0.0506,892.0,,1
2018,BC,Equivalent To Spouse Amount,8915.0,9807.0,0.0506,,,1
2018,BC,B.C. Caregiver Amount,4556.0,,0.0506,,,1
2018,BC,Disability Amount,7809.0,,0.0506,,,1
2018,BC,Disability Amount (Child),4556.0,,0.0506,,,1
2018,BC,Adoption Amount,15905.0,,0.0506,,,1
2018,BC,Volunteer Firefighter Amount,3000.0,,0.0506,,,0
2018,BC,Medical Expense Amount,,,0.0506,,,1
2018,BC,CPP Amount,,,0.0506,,,1
2018,BC,EI Amount,,,0.0506,,,1
2018,BC,Pension Income Amount,1000.0,,0.0506,,,0
2019,BC,Personal Amount,10682.0,,0.0506,,,1
2019,BC,Age Amount,4791.0,67600.0,0.0506,35660.0,0.15,1
2019,BC,Spousal Amount,9147.0,10062.0,0.0506,915.0,,1
2019,BC,Equivalent To Spouse Amount,9147.0,10062.0,0.0506,,,1
2019,BC,B.C. Caregiver Amount,4674.0,,0.0506,,,1
2019,BC,Disability Amount,8012.0,,0.0506,,,1
2019,BC,Disability Amount (Child),4674.0,,0.0506,,,1
2019,BC,Adoption Amount,16255.0,,0.0506,,,1
2019,BC,Volunteer Firefighter Amount,3000.0,,0.0506,,,0
2019,BC,Medical Expense Amount,,,0.0506,,,1
2019,BC,CPP Amount,,,0.0506,,,1
2019,BC,EI Amount,,,0.0506,,,1
2019,BC,Pension Income Amount,1000.0,,0.0506,,,0
2020,BC,Personal Amount,10949.0,,0.0506,,,1
2020,BC,Age Amount,4910.0,69285.0,0.0506,36552.0,0.15,1
2020,BC,Spousal Amount,9376.0,10314.0,0.0506,938.0,,1
2020,BC,Equivalent To Spouse Amount,9376.0,10314.0,0.0506,,,1
2020,BC,B.C. Caregiver Amount,4792.0,,0.0506,,,1
2020,BC,Disability Amount,8212.0,,0.0506,,,1
2020,BC,Disability Amount (Child),4791.0,,0.0506,,,1
2020,BC,Adoption Amount,16563.0,,0.0506,,,1
2020,BC,Volunteer Firefighter Amount,3000.0,,0.0506,,,0
2020,BC,Medical Expense Amount,,,0.0506,,,1
2020,BC,CPP Amount,,,0.0506,,,1
2020,BC,EI Amount,,,0.0506,,,1
2020,BC,Pension Income Amount,1000.0,,0.0506,,,0
2021,BC,Personal Amount,11070.0,,0.0506,,,1
2021,BC,Age Amount,4964.0,70047.0,0.0506,36954.0,0.15,1
2021,BC,Spousal Amount,9479.0,10427.0,0.0506,948.0,,1
2021,BC,Equivalent To Spouse Amount,9479.0,10427.0,0.0506,,,1
2021,BC,B.C. Caregiver Amount,4844.0,,0.0506,,,1
2021,BC,Disability Amount,8303.0,,0.0506,,,1
2021,BC,Disability Amount (Child),4844.0,,0.0506,,,1
2021,BC,Adoption Amount,16729.0,,0.0506,,,1
2021,BC,Volunteer Firefighter Amount,3000.0,,0.0506,,,0
2021,BC,Medical Expense Amount,,,0.0506,,,1
2021,BC,CPP Amount,,,0.0506,,,1
2021,BC,EI Amount,,,0.0506,,,1
2021,BC,Pension Income Amount,1000.0,,0.0506,,,0
2022,BC,Personal Amount,11302.0,,0.0506,,,1
2022,BC,Age Amount,5069.0,71523.0,0.0506,37730.0,0.15,1
2022,BC,Spousal Amount,9678.0,10646.0,0.0506,968.0,,1
2022,BC,Equivalent To Spouse Amount,9678.0,10646.0,0.0506,,,1
2022,BC,B.C. Caregiver Amount,4946.0,,0.0506,,,1
2022,BC,Disability Amount,8477.0,,0.0506,,,1
2022,BC,Disability Amount (Child),4946.0,,0.0506,,,1
2022,BC,Adoption Amount,17131.0,,0.0506,,,1
2022,BC,Volunteer Firefighter Amount,3000.0,,0.0506,,,0
2022,BC,Medical Expense Amount,,,0.0506,,,1
2022,BC,CPP Amount,,,0.0506,,,1
2022,BC,EI Amount,,,0.0506,,,1
2022,BC,Pension Income Amount,1000.0,,0.0506,,,0
2023,BC,Personal Amount,11981.0,,0.0506,,,1
2023,BC,Age Amount,5373.0,75814.0,0.0506,39994.0,0.15,1
2023,BC,Spousal Amount,10259.0,11285.0,0.0506,1026.0,,1
2023,BC,Equivalent To Spouse Amount,10259.0,11285.0,0.0506,,,1
2023,BC,B.C. Caregiver Amount,5243.0,,0.0506,,,1
2023,BC,Disability Amount,8986.0,,0.0506,,,1
2023,BC,Disability Amount (Child),5242.0,,0.0506,,,1
2023,BC,Adoption Amount,18210.0,,0.0506,,,1
2023,BC,Volunteer Firefighter Amount,3000.0,,0.0506,,,0
2023,BC,Medical Expense Amount,,,0.0506,,,1
2023,BC,CPP Amount,,,0.0506,,,1
2023,BC,EI Amount,,,0.0506,,,1
2023,BC,Pension Income Amount,1000.0,,0.0506,,,0
2024,BC,Personal Amount,12580.0,,0.0506,,,1
2024,BC,Age Amount,5641.0,79600.0,0.0506,41993.0,0.15,1
2024,BC,Spousal Amount,10772.0,11850.0,0.0506,1078.0,,1
2024,BC,Equivalent To Spouse Amount,10772.0,11850.0,0.0506,,,1
2024,BC,B.C. Caregiver Amount,5505.0,,0.0506,,,1
2024,BC,Disability Amount,9435.0,,0.0506,,,1
2024,BC,Disability Amount (Child),5505.0,,0.0506,,,1
2024,BC,Adoption Amount,19066.0,,0.0506,,,1
2024,BC,Volunteer Firefighter Amount,3000.0,,0.0506,,,0
2024,BC,Medical Expense Amount,,,0.0506,,,1
2024,BC,CPP Amount,,,0.0506,,,1
2024,BC,EI Amount,,,0.0506,,,1
2024,BC,Pension Income Amount,1000.0,,0.0506,,,0
2025,BC,Personal Amount,12932.0,,0.0506,,,1
2025,BC,Age Amount,5799.0,81829.0,0.0506,43169.0,0.15,1
2025,BC,Spousal Amount,11073.0,12181.0,0.0506,1108.0,,1
2025,BC,Equivalent To Spouse Amount,11073.0,12181.0,0.0506,,,1
2025,BC,B.C. Caregiver Amount,5659.0,,0.0506,,,1
2025,BC,Disability Amount,9699.0,,0.0506,,,1
2025,BC,Disability Amount (Child),5659.0,,0.0506,,,1
2025,BC,Adoption Amount,19580.0,,0.0506,,,1
2025,BC,Volunteer Firefighter Amount,3000.0,,0.0506,,,0
2025,BC,Medical Expense Amount,,,0.0506,,,1
2025,BC,CPP Amount,,,0.0506,,,1
2025,BC,EI Amount,,,0.0506,,,1
2025,BC,Pension Income Amount,1000.0,,0.0506,,,0
2025,BC,BC Tax Reduction Credit,562.0,40807.0,,25020.0,0.0356,1
2026,BC,Personal Amount,13216.0,,0.056,,,1
2026,BC,Age Amount,5927.0,83632.0,0.056,44119.0,0.15,1
2026,BC,Spousal Amount,11317.0,12449.0,0.056,1132.0,,1
2026,BC,Equivalent To Spouse Amount,11317.0,12449.0,0.056,,,1
2026,BC,B.C. Caregiver Amount,5784.0,,0.056,,,1
2026,BC,Disability Amount,9913.0,,0.056,,,1
2026,BC,Disability Amount (Child),5783.0,,0.056,,,1
2026,BC,Adoption Amount,19972.0,,0.056,,,1
2026,BC,Volunteer Firefighter Amount,6000.0,,0.056,,,0
2026,BC,Medical Expense Amount,,,0.056,,,1
2026,BC,CPP Amount,,,0.056,,,1
2026,BC,EI Amount,,,0.056,,,1
2026,BC,Pension Income Amount,1000.0,,0.056,,,0
2026,BC,BC Tax Reduction Credit,690.0,44952.0,,25570.0,0.0356,1
2027,BC,Personal Amount,13216.0,,0.056,,,0
2027,BC,Age Amount,5927.0,83632.0,0.056,44119.0,0.15,0
2027,BC,Spousal Amount,11317.0,12449.0,0.056,1132.0,,0
2027,BC,Equivalent To Spouse Amount,11317.0,12449.0,0.056,,,0
2027,BC,B.C. Caregiver Amount,5784.0,,0.056,,,0
2027,BC,Disability Amount,9913.0,,0.056,,,0
2027,BC,Disability Amount (Child),5783.0,,0.056,,,0
2027,BC,Adoption Amount,19972.0,,0.056,,,0
2027,BC,Volunteer Firefighter Amount,6000.0,,0.056,,,0
2027,BC,Medical Expense Amount,,,0.056,,,0
2027,BC,CPP Amount,,,0.056,,,0
2027,BC,EI Amount,,,0.056,,,0
2027,BC,Pension Income Amount,1000.0,,0.056,,,0
2027,BC,BC Tax Reduction Credit,690.0,44952.0,,25570.0,0.0356,0
2028,BC,Personal Amount,13216.0,,0.056,,,0
2028,BC,Age Amount,5927.0,83632.0,0.056,44119.0,0.15,0
2028,BC,Spousal Amount,11317.0,12449.0,0.056,1132.0,,0
2028,BC,Equivalent To Spouse Amount,11317.0,12449.0,0.056,,,0
2028,BC,B.C. Caregiver Amount,5784.0,,0.056,,,0
2028,BC,Disability Amount,9913.0,,0.056,,,0
2028,BC,Disability Amount (Child),5783.0,,0.056,,,0
2028,BC,Adoption Amount,19972.0,,0.056,,,0
2028,BC,Volunteer Firefighter Amount,6000.0,,0.056,,,0
2028,BC,Medical Expense Amount,,,0.056,,,0
2028,BC,CPP Amount,,,0.056,,,0
2028,BC,EI Amount,,,0.056,,,0
2028,BC,Pension Income Amount,1000.0,,0.056,,,0
2028,BC,BC Tax Reduction Credit,690.0,44952.0,,25570.0,0.0356,0
2029,BC,Personal Amount,13216.0,,0.056,,,0
2029,BC,Age Amount,5927.0,83632.0,0.056,44119.0,0.15,0
2029,BC,Spousal Amount,11317.0,12449.0,0.056,1132.0,,0
2029,BC,Equivalent To Spouse Amount,11317.0,12449.0,0.056,,,0
2029,BC,B.C. Caregiver Amount,5784.0,,0.056,,,0
2029,BC,Disability Amount,9913.0,,0.056,,,0
2029,BC,Disability Amount (Child),5783.0,,0.056,,,0
2029,BC,Adoption Amount,19972.0,,0.056,,,0
2029,BC,Volunteer Firefighter Amount,6000.0,,0.056,,,0
2029,BC,Medical Expense Amount,,,0.056,,,0
2029,BC,CPP Amount,,,0.056,,,0
2029,BC,EI Amount,,,0.056,,,0
2029,BC,Pension Income Amount,1000.0,,0.056,,,0
2029,BC,BC Tax Reduction Credit,690.0,44952.0,,25570.0,0.0356,0
2030,BC,Personal Amount,13216.0,,0.056,,,0
2030,BC,Age Amount,5927.0,83632.0,0.056,44119.0,0.15,0
2030,BC,Spousal Amount,11317.0,12449.0,0.056,1132.0,,0
2030,BC,Equivalent To Spouse Amount,11317.0,12449.0,0.056,,,0
2030,BC,B.C. Caregiver Amount,5784.0,,0.056,,,0
2030,BC,Disability Amount,9913.0,,0.056,,,0
2030,BC,Disability Amount (Child),5783.0,,0.056,,,0
2030,BC,Adoption Amount,19972.0,,0.056,,,0
2030,BC,Volunteer Firefighter Amount,6000.0,,0.056,,,0
2030,BC,Medical Expense Amount,,,0.056,,,0
2030,BC,CPP Amount,,,0.056,,,0
2030,BC,EI Amount,,,0.056,,,0
2030,BC,Pension Income Amount,1000.0,,0.056,,,0
2030,BC,BC Tax Reduction Credit,690.0,44952.0,,25570.0,0.0356,0
